cop	line	column	last_line	last_column	correctable	corrected	message
Lint/RedundantRegexpQuantifiers	1	17	1	25	true	true	Replace redundant quantifiers `{1,}` and `{,1}` with a single `*`.
Lint/RedundantRegexpQuantifiers	2	19	2	23	true	true	Replace redundant quantifiers `?` and `+` with a single `*`.
Lint/RedundantRegexpQuantifiers	3	23	3	26	true	true	Replace redundant quantifiers `?` and `+` with a single `*`.
Lint/RedundantRegexpQuantifiers	4	19	4	23	true	true	Replace redundant quantifiers `?` and `+` with a single `*`.
Lint/RedundantRegexpQuantifiers	4	21	4	23	true	true	Replace redundant quantifiers `+` and `+` with a single `+`.
Lint/RedundantRegexpQuantifiers	5	24	5	28	true	true	Replace redundant quantifiers `+` and `+` with a single `+`.
Lint/RedundantRegexpQuantifiers	5	26	5	28	true	true	Replace redundant quantifiers `?` and `+` with a single `*`.
Lint/RedundantRegexpQuantifiers	6	20	6	24	true	true	Replace redundant quantifiers `+` and `?` with a single `*`.
Lint/RedundantRegexpQuantifiers	6	22	6	24	true	true	Replace redundant quantifiers `+` and `?` with a single `*`.
